course,grade,price,type,per_price
英语,一年级,2110,None,18
数学,一年级,2110,None,18
语文,一年级,2110,None,18
英语,六年级,2950,可在线,30
英语,五年级,600,可在线,30
英语,三年级,2950,可在线,30
语文,二年级,1990,可在线,20
英语,二年级,2950,可在线,30
英语,四年级,2950,可在线,30
英语,六年级,4580,住宿,63
英语,一年级,2110,None,18
数学,一年级,2110,None,18
语文,一年级,2110,None,18
英语,二年级,600,可在线,30
英语,三年级,2950,可在线,30
英语,一年级,600,可在线,30
英语,四年级,600,可在线,30
语文,五年级,600,可在线,20
英语,二年级,600,可在线,30
英语,一年级,600,可在线,30
语文,一年级,1990,可在线,20
英语,三年级,2950,可在线,30
英语,四年级,600,可在线,30
英语,六年级,1199,面授,12
语文,六年级,1199,面授,12
英语,六年级,1199,面授,12
科学,六年级,1199,面授,12
科学,六年级,1199,面授,12
语文,六年级,1199,面授,12
语文,六年级,1199,面授,12
科学,六年级,1199,面授,12
英语,六年级,1199,面授,12
语文,六年级,1199,面授,12
语文,六年级,1199,面授,12
英语,六年级,1199,面授,12
英语,六年级,1199,面授,12
科学,六年级,1199,面授,12
科学,六年级,1199,面授,12
科学,六年级,1199,面授,12
语文,六年级,1199,面授,12
语文,六年级,1199,面授,12
语文,六年级,1199,面授,12
英语,六年级,1199,面授,12
科学,六年级,1199,面授,12
英语,六年级,1199,面授,12
英语,六年级,1199,面授,12
语文,六年级,1199,面授,12
科学,六年级,1199,面授,12
英语,六年级,1199,面授,12
英语,六年级,1199,面授,12
语文,六年级,1199,面授,12
英语,六年级,1199,面授,12
语文,六年级,1199,面授,12
语文,六年级,1199,面授,12
英语,六年级,1199,面授,12
语文,六年级,1199,面授,12
语文,六年级,1199,面授,12
英语,六年级,1199,面授,12
科学,六年级,1199,面授,12
语文,六年级,1199,面授,12
英语,六年级,1199,面授,12
科学,六年级,1199,面授,12
科学,六年级,1199,面授,12
科学,六年级,1199,面授,12
语文,六年级,1199,面授,12
英语,六年级,1199,面授,12
科学,六年级,1199,面授,12
科学,六年级,1199,面授,12
英语,六年级,1199,面授,12
科学,六年级,1199,面授,12
科学,六年级,1199,面授,12
科学,六年级,1199,面授,12
科学,六年级,1199,面授,12
科学,六年级,1199,面授,12
语文,六年级,1199,面授,12
语文,六年级,1199,面授,12
语文,六年级,1199,面授,12
英语,六年级,1199,面授,12
英语,六年级,1199,面授,12
语文,六年级,1199,面授,12
语文,六年级,1199,面授,12
语文,六年级,1199,面授,12
英语,六年级,1199,面授,12
英语,六年级,1199,面授,12
英语,六年级,1199,面授,12
科学,六年级,1199,面授,12
语文,六年级,1199,面授,12
语文,六年级,1199,面授,12
英语,六年级,1199,面授,12
语文,六年级,1199,面授,12
科学,六年级,1199,面授,12
英语,六年级,1199,面授,12
语文,六年级,1199,面授,12
英语,六年级,1199,面授,12
语文,六年级,1199,面授,12
英语,六年级,1199,面授,12
语文,六年级,1199,面授,12
语文,六年级,1199,面授,12
英语,六年级,1199,面授,12
英语,六年级,1199,面授,12
科学,六年级,1199,面授,12
语文,六年级,1199,面授,12
语文,六年级,1199,面授,12
英语,六年级,1199,面授,12
语文,六年级,1199,面授,12
英语,六年级,1199,面授,12
语文,六年级,1199,面授,12
英语,六年级,1199,面授,12
语文,六年级,1199,面授,12
语文,六年级,1199,面授,12
英语,六年级,1199,面授,12
科学,六年级,1199,面授,12
语文,六年级,1199,面授,12
科学,六年级,1199,面授,12
科学,六年级,1199,面授,12
英语,六年级,1199,面授,12
语文,六年级,1199,面授,12
英语,六年级,1199,面授,12
语文,六年级,1199,面授,12
语文,六年级,1199,面授,12
英语,六年级,1199,面授,12
语文,六年级,1199,面授,12
英语,六年级,1199,面授,12
语文,六年级,1199,面授,12
英语,六年级,1199,面授,12
语文,六年级,1199,面授,12
英语,六年级,1199,面授,12
科学,六年级,1199,面授,12
英语,六年级,1199,面授,12
科学,六年级,1199,面授,12
科学,六年级,1199,面授,12
英语,六年级,1199,面授,12
英语,六年级,1199,面授,12
英语,六年级,1199,面授,12
英语,六年级,1199,面授,12
英语,六年级,1199,面授,12
英语,六年级,1199,面授,12
科学,六年级,1199,面授,12
科学,六年级,1199,面授,12
科学,六年级,1199,面授,12
英语,六年级,1199,面授,12
科学,六年级,1199,面授,12
英语,六年级,1199,面授,12
语文,六年级,1199,面授,12
科学,六年级,1199,面授,12
科学,六年级,1199,面授,12
语文,六年级,1199,面授,12
语文,六年级,1199,面授,12
英语,六年级,1199,面授,12
英语,六年级,1199,面授,12
语文,六年级,1199,面授,12
英语,六年级,1199,面授,12
语文,六年级,1199,面授,12
英语,六年级,1199,面授,12
英语,六年级,1199,面授,12
语文,六年级,1199,面授,12
英语,六年级,1199,面授,12
科学,六年级,1199,面授,12
科学,六年级,1199,面授,12
科学,六年级,1199,面授,12
科学,六年级,1199,面授,12
科学,六年级,1199,面授,12
语文,六年级,1199,面授,12
英语,六年级,1199,面授,12
科学,六年级,1199,面授,12
科学,六年级,1199,面授,12
语文,六年级,1199,面授,12
语文,六年级,1199,面授,12
语文,六年级,1199,面授,12
英语,六年级,1199,面授,12
英语,六年级,1199,面授,12
英语,六年级,1199,面授,12
科学,六年级,1199,面授,12
语文,六年级,1199,面授,12
科学,六年级,1199,面授,12
科学,六年级,1199,面授,12
英语,六年级,1199,面授,12
语文,六年级,1199,面授,12
英语,六年级,1199,面授,12
英语,六年级,1199,面授,12
语文,六年级,1199,面授,12
语文,六年级,1199,面授,12
语文,六年级,1199,面授,12
科学,六年级,1199,面授,12
英语,六年级,1199,面授,12
科学,六年级,1199,面授,12
语文,六年级,1199,面授,12
英语,六年级,1199,面授,12
语文,六年级,1199,面授,12
英语,六年级,1199,面授,12
英语,六年级,1199,面授,12
科学,六年级,1199,面授,12
科学,六年级,1199,面授,12
英语,六年级,1199,面授,12
语文,六年级,1199,面授,12
英语,六年级,1199,面授,12
英语,六年级,1199,面授,12
英语,六年级,1199,面授,12
语文,六年级,1199,面授,12
语文,六年级,1199,面授,12
英语,六年级,1199,面授,12
英语,六年级,1199,面授,12
语文,六年级,1199,面授,12
科学,六年级,1199,面授,12
科学,六年级,1199,面授,12
语文,六年级,1199,面授,12
语文,六年级,1199,面授,12
语文,六年级,1199,面授,12
语文,六年级,1199,面授,12
语文,六年级,1199,面授,12
英语,六年级,1199,面授,12
语文,六年级,1199,面授,12
语文,六年级,1199,面授,12
科学,六年级,1199,面授,12
科学,六年级,1199,面授,12
英语,六年级,1199,面授,12
科学,六年级,1199,面授,12
语文,六年级,1199,面授,12
英语,六年级,1199,面授,12
语文,六年级,1199,面授,12
英语,六年级,1199,面授,12
英语,六年级,1199,面授,12
英语,六年级,1199,面授,12
科学,六年级,1199,面授,12
英语,六年级,1199,面授,12
科学,六年级,1199,面授,12
语文,六年级,1199,面授,12
英语,六年级,1199,面授,12
语文,六年级,1199,面授,12
英语,六年级,1199,面授,12
英语,六年级,1199,面授,12
英语,六年级,1199,面授,12
语文,六年级,1199,面授,12
科学,六年级,1199,面授,12
科学,六年级,1199,面授,12
科学,六年级,1199,面授,12
科学,六年级,1199,面授,12
语文,六年级,1199,面授,12
科学,六年级,1199,面授,12
英语,六年级,1199,面授,12
语文,六年级,1199,面授,12
英语,六年级,1199,面授,12
英语,六年级,1199,面授,12
科学,六年级,1199,面授,12
科学,六年级,1199,面授,12
英语,六年级,1199,面授,12
科学,六年级,1199,面授,12
英语,六年级,1199,面授,12
语文,六年级,1199,面授,12
英语,六年级,1199,面授,12
语文,六年级,1199,面授,12
语文,六年级,1199,面授,12
科学,六年级,1199,面授,12
语文,六年级,1199,面授,12
英语,六年级,1199,面授,12
语文,六年级,1199,面授,12
英语,六年级,1199,面授,12
语文,六年级,1199,面授,12
科学,六年级,1199,面授,12
科学,六年级,1199,面授,12
英语,六年级,1199,面授,12
英语,六年级,1199,面授,12
科学,六年级,1199,面授,12
科学,六年级,1199,面授,12
科学,六年级,1199,面授,12
英语,六年级,1199,面授,12
语文,六年级,1199,面授,12
语文,六年级,1199,面授,12
语文,六年级,1199,面授,12
英语,六年级,1199,面授,12
英语,六年级,1199,面授,12
英语,六年级,1199,面授,12
语文,六年级,1199,面授,12
语文,六年级,1199,面授,12
英语,六年级,1199,面授,12
科学,六年级,1199,面授,12
科学,六年级,1199,面授,12
科学,六年级,1199,面授,12
科学,六年级,1199,面授,12
科学,六年级,1199,面授,12
科学,六年级,1199,面授,12
科学,六年级,1199,面授,12
科学,六年级,1199,面授,12
语文,六年级,1199,面授,12
语文,六年级,1199,面授,12
语文,六年级,1199,面授,12
语文,六年级,1199,面授,12
英语,六年级,1199,面授,12
英语,六年级,1199,面授,12
科学,六年级,1199,面授,12
语文,六年级,1199,面授,12
语文,六年级,1199,面授,12
语文,六年级,1199,面授,12
英语,六年级,1199,面授,12
英语,六年级,1199,面授,12
英语,六年级,1199,面授,12
语文,六年级,1199,面授,12
语文,六年级,1199,面授,12
科学,六年级,1199,面授,12
语文,六年级,1199,面授,12
科学,六年级,1199,面授,12
英语,六年级,1199,面授,12
语文,六年级,1199,面授,12
语文,六年级,1199,面授,12
语文,六年级,1199,面授,12
语文,六年级,1199,面授,12
科学,六年级,1199,面授,12
科学,六年级,1199,面授,12
科学,六年级,1199,面授,12
科学,六年级,1199,面授,12
科学,六年级,1199,面授,12
英语,六年级,1199,面授,12
语文,六年级,1199,面授,12
科学,六年级,1199,面授,12
科学,六年级,1199,面授,12
语文,六年级,1199,面授,12
语文,六年级,1199,面授,12
语文,六年级,1199,面授,12
语文,六年级,1199,面授,12
语文,六年级,1199,面授,12
英语,六年级,1199,面授,12
英语,六年级,1199,面授,12
科学,六年级,1199,面授,12
语文,六年级,1199,面授,12
科学,六年级,1199,面授,12
英语,六年级,1199,面授,12
语文,六年级,1199,面授,12
语文,六年级,1199,面授,12
英语,六年级,1199,面授,12
英语,六年级,1199,面授,12
英语,六年级,1199,面授,12
语文,六年级,1199,面授,12
英语,六年级,1199,面授,12
英语,六年级,1199,面授,12
英语,六年级,1199,面授,12
英语,六年级,1199,面授,12
英语,六年级,1199,面授,12
英语,六年级,1199,面授,12
英语,六年级,1199,面授,12
英语,六年级,1199,面授,12
科学,六年级,1199,面授,12
科学,六年级,1199,面授,12
语文,六年级,1199,面授,12
科学,六年级,1199,面授,12
英语,六年级,1199,面授,12
语文,六年级,1199,面授,12
语文,六年级,1199,面授,12
语文,六年级,1199,面授,12
英语,六年级,1199,面授,12
科学,六年级,1199,面授,12
英语,六年级,1199,面授,12
科学,六年级,1199,面授,12
科学,六年级,1199,面授,12
科学,六年级,1199,面授,12
科学,六年级,1199,面授,12
语文,六年级,1199,面授,12
英语,六年级,1199,面授,12
语文,六年级,1199,面授,12
语文,六年级,1199,面授,12
语文,六年级,1199,面授,12
语文,六年级,1199,面授,12
语文,六年级,1199,面授,12
语文,六年级,1199,面授,12
科学,六年级,1199,面授,12
语文,六年级,1199,面授,12
科学,六年级,1199,面授,12
英语,六年级,1199,面授,12
科学,六年级,1199,面授,12
科学,六年级,1199,面授,12
科学,六年级,1199,面授,12
科学,六年级,1199,面授,12
语文,六年级,1199,面授,12
语文,六年级,1199,面授,12
英语,六年级,1199,面授,12
语文,六年级,1199,面授,12
语文,六年级,1199,面授,12
英语,六年级,1199,面授,12
英语,六年级,1199,面授,12
语文,六年级,1199,面授,12
语文,六年级,1199,面授,12
英语,六年级,1199,面授,12
英语,六年级,1199,面授,12
语文,六年级,1199,面授,12
英语,六年级,1199,面授,12
英语,六年级,1199,面授,12
英语,六年级,1199,面授,12
语文,六年级,1199,面授,12
科学,六年级,1199,面授,12
语文,六年级,1199,面授,12
科学,六年级,1199,面授,12
英语,六年级,1199,面授,12
科学,六年级,1199,面授,12
科学,六年级,1199,面授,12
科学,六年级,1199,面授,12
科学,六年级,1199,面授,12
科学,六年级,1199,面授,12
语文,六年级,1199,面授,12
语文,六年级,1199,面授,12
科学,六年级,1199,面授,12
语文,六年级,1199,面授,12
英语,六年级,1199,面授,12
英语,六年级,1199,面授,12
英语,六年级,1199,面授,12
科学,六年级,1199,面授,12
科学,六年级,1199,面授,12
语文,六年级,1199,面授,12
英语,六年级,2340,面授,12
英语,六年级,2340,面授,12
语文,六年级,1199,面授,12
英语,六年级,1199,面授,12
语文,六年级,1199,面授,12
英语,六年级,1199,面授,12
语文,六年级,1199,面授,12
科学,六年级,1199,面授,12
科学,六年级,1199,面授,12
科学,六年级,1199,面授,12
科学,六年级,1199,面授,12
科学,六年级,1199,面授,12
科学,六年级,1199,面授,12
科学,六年级,1199,面授,12
科学,六年级,1199,面授,12
科学,六年级,1199,面授,12
科学,六年级,1199,面授,12
英语,六年级,1199,面授,12
语文,六年级,1199,面授,12
语文,六年级,1199,面授,12
语文,六年级,1199,面授,12
英语,六年级,1199,面授,12
英语,六年级,1199,面授,12
英语,六年级,1199,面授,12
科学,六年级,1199,面授,12
科学,六年级,1199,面授,12
英语,六年级,1199,面授,12
英语,六年级,1199,面授,12
英语,六年级,1199,面授,12
英语,六年级,1199,面授,12
英语,六年级,1199,面授,12
语文,六年级,1199,面授,12
科学,六年级,1199,面授,12
语文,六年级,1199,面授,12
科学,六年级,1199,面授,12
英语,六年级,1199,面授,12
科学,六年级,1199,面授,12
科学,六年级,1199,面授,12
科学,六年级,1199,面授,12
科学,六年级,1199,面授,12
科学,六年级,1199,面授,12
语文,六年级,1199,面授,12
语文,六年级,1199,面授,12
科学,六年级,1199,面授,12
英语,六年级,1199,面授,12
英语,六年级,1199,面授,12
科学,六年级,1199,面授,12
语文,六年级,1199,面授,12
科学,六年级,1199,面授,12
科学,六年级,1199,面授,12
科学,六年级,1199,面授,12
语文,六年级,1199,面授,12
英语,六年级,1199,面授,12
英语,六年级,1199,面授,12
英语,六年级,1199,面授,12
英语,六年级,1199,面授,12
科学,六年级,1199,面授,12
语文,六年级,1199,面授,12
语文,六年级,1199,面授,12
语文,六年级,1199,面授,12
英语,六年级,2340,面授,12
英语,六年级,2340,面授,12
英语,六年级,2340,面授,12
语文,六年级,1199,面授,12
语文,六年级,1199,面授,12
英语,六年级,1199,面授,12
语文,六年级,1199,面授,12
科学,六年级,1199,面授,12
语文,六年级,1199,面授,12
语文,六年级,1199,面授,12
科学,六年级,1199,面授,12
科学,六年级,1199,面授,12
语文,六年级,1199,面授,12
科学,六年级,1199,面授,12
语文,六年级,1199,面授,12
科学,六年级,1199,面授,12
科学,六年级,1199,面授,12
语文,六年级,1199,面授,12
语文,六年级,1199,面授,12
英语,六年级,1199,面授,12
英语,六年级,1199,面授,12
英语,六年级,1199,面授,12
英语,六年级,1199,面授,12
语文,六年级,1199,面授,12
科学,六年级,1199,面授,12
语文,六年级,1199,面授,12
语文,六年级,1199,面授,12
科学,六年级,1199,面授,12
科学,六年级,1199,面授,12
科学,六年级,1199,面授,12
科学,六年级,1199,面授,12
科学,六年级,1199,面授,12
科学,六年级,1199,面授,12
科学,六年级,1199,面授,12
科学,六年级,1199,面授,12
科学,六年级,1199,面授,12
语文,六年级,1199,面授,12
语文,六年级,1199,面授,12
英语,六年级,1199,面授,12
语文,六年级,1199,面授,12
英语,六年级,1199,面授,12
语文,六年级,1199,面授,12
语文,六年级,1199,面授,12
语文,六年级,1199,面授,12
语文,六年级,1199,面授,12
英语,六年级,1199,面授,12
英语,六年级,1199,面授,12
英语,高三,600,面授,3
英语,高三,1800,面授,3
语文,高三,1800,面授,3
联报,高三,30000,面授,214
英语,高三,1800,面授,3
英语,高三,600,面授,3
语文,高三,1800,面授,3
英语,高三,1800,面授,3
英语,高三,1800,面授,3
英语,高三,1800,面授,3
数学,高三,1800,面授,3
联报,高三,30000,面授,214
联报,高三,30000,面授,214
联报,高三,30000,面授,214
联报,高一,399,直播,12
联报,高二,399,直播,12
数学,高三,600,面授,3
数学,高三,600,面授,3
数学,高三,600,面授,3
物理,高三,600,面授,3
物理,高三,1800,面授,3
化学,高三,600,面授,3
生物,高三,600,面授,3
英语,高三,1800,面授,3
数学,高三,1800,面授,3
英语,高三,1800,面授,3
生物,高三,600,面授,3
英语,高三,600,面授,3
数学,高三,600,面授,3
英语,高三,800,录播,16
英语,高二,800,录播,16
英语,高一,800,录播,16
数学,高三,1800,面授,3
化学,高三,600,面授,3
化学,高三,600,面授,3
生物,高三,600,面授,3
语文,高三,600,面授,3
语文,高三,1800,面授,3
生物,高三,600,面授,3
地理,高三,600,面授,3
联报,高三,30000,面授,214
联报,高三,30000,面授,214
生物,高三,600,面授,3
地理,高三,600,面授,3
生物,高三,600,面授,3
语文,高三,600,面授,3
数学,高三,600,面授,3
化学,高三,600,面授,3
数学,高三,600,面授,3
数学,高三,600,面授,3
语文,高三,600,面授,3
英语,高三,600,面授,3
地理,高三,600,面授,3
化学,高三,600,面授,3
英语,高三,600,面授,3
联报,高三,30000,面授,214
联报,高三,30000,面授,214
联报,高三,30000,面授,214
联报,高三,30000,面授,214
联报,高三,30000,面授,214
联报,高三,30000,面授,214
生物,高三,600,面授,3
英语,高三,600,面授,3
化学,高三,600,面授,3
化学,高三,600,面授,3
政治,高三,600,面授,3
生物,高三,600,面授,3
语文,高三,600,面授,3
联报,高三,30000,面授,214
联报,高三,30000,面授,214
数学,高三,600,面授,3
数学,高三,600,面授,3
英语,高三,600,面授,3
数学,高三,600,面授,3
语文,高三,600,面授,3
数学,高三,600,面授,3
数学,高三,600,面授,3
化学,高三,600,面授,3
化学,高三,600,面授,3
化学,高三,600,面授,3
英语,高三,600,面授,3
数学,高三,600,面授,3
英语,高三,600,面授,3
数学,高三,600,面授,3
英语,高三,600,面授,3
英语,高三,600,面授,3
生物,高三,600,面授,3
化学,高三,600,面授,3
语文,高三,600,面授,3
英语,高三,600,面授,3
化学,高三,600,面授,3
生物,高三,600,面授,3
地理,高三,600,面授,3
生物,高三,600,面授,3
生物,高三,600,面授,3
化学,高三,600,面授,3
语文,高三,600,面授,3
数学,高三,600,面授,3
英语,高三,600,面授,3
政治,高一,400,录播,8
联报,高一,399,直播,12
英语,高三,600,面授,3
英语,高三,600,面授,3
化学,高三,600,面授,3
数学,高三,600,面授,3
联报,高二,399,直播,12
地理,高一,400,录播,8
联报,高一,399,直播,12
联报,高二,399,直播,12
联报,高一,399,直播,12
联报,高二,399,直播,12
英语,高三,600,面授,3
生物,高三,600,面授,3
物理,高三,1800,面授,3
物理,高三,1800,面授,3
地理,高三,600,面授,3
物理,高三,600,面授,3
英语,高三,1800,面授,3
联报,高三,30000,面授,214
联报,高三,30000,面授,214
物理,高三,1800,面授,3
物理,高三,600,面授,3
物理,高三,600,面授,3
物理,高三,600,面授,3
物理,高三,600,面授,3
物理,高三,600,面授,3
地理,高三,600,面授,3
英语,高三,1800,面授,3
英语,高三,1800,面授,3
地理,高三,1800,面授,3
英语,高三,1800,面授,3
数学,高三,600,面授,3
语文,高三,1800,面授,3
语文,高三,1800,面授,3
地理,高三,1800,面授,3
英语,高三,1800,面授,3
英语,高三,1800,面授,3
生物,高三,1800,面授,3
英语,高三,1800,面授,3
英语,高三,1800,面授,3
数学,高三,1800,面授,3
语文,高三,1800,面授,3
英语,高三,1800,面授,3
英语,高三,1800,面授,3
英语,高三,1800,面授,3
语文,高三,1800,面授,3
英语,高三,1800,面授,3
英语,高三,1800,面授,3
英语,高三,1800,面授,3
数学,高三,1800,面授,3
生物,高三,1800,面授,3
英语,高三,1800,面授,3
英语,高三,1800,面授,3
生物,高三,1800,面授,3
生物,高三,1800,面授,3
生物,高三,1800,面授,3
生物,高三,1800,面授,3
化学,高三,600,面授,3
英语,高三,600,面授,3
政治,高三,600,面授,3
化学,高三,600,面授,3
化学,高三,600,面授,3
生物,高三,600,面授,3
生物,高三,600,面授,3
语文,高三,600,面授,3
英语,高三,600,面授,3
数学,高三,600,面授,3
英语,高三,600,面授,3
数学,高三,600,面授,3
数学,高三,600,面授,3
数学,高三,600,面授,3
生物,高三,600,面授,3
数学,高三,600,面授,3
语文,高三,600,面授,3
数学,高三,600,面授,3
地理,高三,600,面授,3
生物,高三,600,面授,3
生物,高三,600,面授,3
数学,高三,600,面授,3
数学,高三,600,面授,3
地理,高三,600,面授,3
生物,高三,600,面授,3
数学,高三,600,面授,3
英语,高三,600,面授,3
生物,高三,600,面授,3
英语,高三,600,面授,3
英语,高三,600,面授,3
数学,高三,600,面授,3
化学,高三,600,面授,3
英语,高三,600,面授,3
英语,高三,600,面授,3
数学,高三,600,面授,3
数学,高三,600,面授,3
英语,高三,600,面授,3
语文,高三,600,面授,3
数学,高三,600,面授,3
语文,高三,600,面授,3
英语,高三,600,面授,3
化学,高三,600,面授,3
化学,高三,600,面授,3
英语,高三,600,面授,3
英语,高三,600,面授,3
化学,高三,600,面授,3
生物,高三,600,面授,3
地理,高三,600,面授,3
化学,高三,600,面授,3
化学,高三,600,面授,3
化学,高三,600,面授,3
化学,高三,600,面授,3
数学,高三,600,面授,3
物理,高三,600,面授,3
物理,高三,600,面授,3
物理,高三,600,面授,3
物理,高三,600,面授,3
物理,高三,600,面授,3
物理,高三,600,面授,3
历史,高三,600,面授,3
历史,高三,600,面授,3
物理,高三,600,面授,3
历史,高三,600,面授,3
历史,高三,600,面授,3
物理,高三,600,面授,3
历史,高三,600,面授,3
物理,高三,600,面授,3
物理,高三,600,面授,3
物理,高三,600,面授,3
历史,高三,600,面授,3
物理,高三,600,面授,3
物理,高三,600,面授,3
物理,高三,600,面授,3
地理,高三,600,面授,3
化学,高三,600,面授,3
物理,高三,1800,面授,3
物理,高三,1800,面授,3
化学,高三,1800,面授,3
英语,高二,800,录播,16
英语,高一,800,录播,16
英语,高一,800,录播,16
联报,高一,399,直播,12
联报,高二,399,直播,18
英语,高三,600,面授,3
化学,高三,600,面授,3
化学,高三,600,面授,3
数学,高三,600,面授,3
物理,高三,1800,面授,3
物理,高三,1800,面授,3
物理,高三,1800,面授,3
物理,高三,1800,面授,3
物理,高三,1800,面授,3
物理,高三,1800,面授,3
联报,高一,399,直播,12
联报,高二,399,直播,18
联报,高一,399,直播,12
联报,高二,399,直播,18
英语,高一,3280,住宿,40
英语,高一,3280,住宿,40
联报,高一,7980,住宿,90
联报,高一,7980,住宿,90
英语,高一,2999,面授,30
语文,高一,2999,面授,30
英语,高一,2999,面授,30
语文,高一,2999,面授,30
化学,高一,2999,面授,30
语文,高一,2999,面授,30
化学,高一,2999,面授,30
英语,高一,2999,面授,30
化学,高一,2999,面授,30
语文,高一,2999,面授,30
英语,高一,2999,面授,30
语文,高一,2999,面授,30
化学,高一,2999,面授,30
数学,高一,2999,面授,30
英语,高一,2999,面授,30
英语,高一,2999,面授,30
生物,高一,2999,面授,30
物理,高一,2999,面授,30
物理,高一,2999,面授,30
英语,高一,2999,面授,30
语文,高一,2999,面授,30
化学,高一,2999,面授,30
化学,高一,2999,面授,30
语文,高一,2999,面授,30
化学,高一,2999,面授,30
英语,高一,2999,面授,30
化学,高一,2999,面授,30
语文,高一,2999,面授,30
英语,高一,2999,面授,30
语文,高一,2999,面授,30
语文,高一,2999,面授,30
语文,高一,2999,面授,30
语文,高一,2999,面授,30
英语,高一,2999,面授,30
语文,高一,2999,面授,30
语文,高一,2999,面授,30
化学,高一,2999,面授,30
英语,高一,2999,面授,30
英语,高一,2999,面授,30
化学,高一,2999,面授,30
生物,高一,2999,面授,30
语文,高一,2999,面授,30
语文,高一,2999,面授,30
语文,高一,2999,面授,30
化学,高一,2999,面授,30
生物,高一,2999,面授,30
物理,高一,2999,面授,30
英语,高一,2999,面授,30
英语,高一,2999,面授,30
语文,高一,2999,面授,30
化学,高一,2999,面授,30
数学,高一,2999,面授,30
英语,高一,2999,面授,30
化学,高一,2999,面授,30
生物,高一,2999,面授,30
英语,高一,2999,面授,30
语文,高一,2999,面授,30
化学,高一,2999,面授,30
语文,高一,2999,面授,30
化学,高一,2999,面授,30
数学,高一,2999,面授,30
英语,高一,2999,面授,30
地理,高一,1499,面授,15
英语,高一,2999,面授,30
化学,高一,2999,面授,30
物理,高一,2999,面授,30
语文,高一,2999,面授,30
化学,高一,2999,面授,30
物理,高一,2999,面授,30
数学,高一,2999,面授,30
生物,高一,2999,面授,30
英语,高一,2999,面授,30
语文,高三,600,面授,3
英语,高三,600,面授,3
数学,高三,600,面授,3
英语,高三,600,面授,3
数学,高三,600,面授,3
英语,高三,600,面授,3
语文,高三,600,面授,3
数学,高三,600,面授,3
语文,高三,600,面授,3
数学,高三,600,面授,3
语文,高一,2999,面授,30
语文,高一,2999,面授,30
物理,高一,2999,面授,30
英语,高一,2999,面授,30
化学,高一,2999,面授,30
物理,高一,2999,面授,30
物理,高一,2999,面授,30
英语,高一,2999,面授,30
物理,高一,2999,面授,30
语文,高一,2999,面授,30
化学,高一,2999,面授,30
生物,高一,2999,面授,30
语文,高一,2999,面授,30
语文,高一,2999,面授,30
地理,高一,1499,面授,15
英语,高一,2999,面授,30
数学,高一,2999,面授,30
数学,高一,2999,面授,30
物理,高一,2999,面授,30
生物,高一,2999,面授,30
数学,高一,2999,面授,30
物理,高一,2999,面授,30
物理,高一,2999,面授,30
数学,高一,2999,面授,30
生物,高一,2999,面授,30
英语,高一,2999,面授,30
数学,高一,7800,面授,30
物理,高一,2999,面授,30
英语,高一,2999,面授,30
物理,高一,2999,面授,30
英语,高一,2999,面授,30
化学,高一,2999,面授,30
物理,高一,2999,面授,30
语文,高一,2999,面授,30
化学,高一,2999,面授,30
物理,高一,2999,面授,30
数学,高一,2999,面授,30
生物,高一,2999,面授,30
英语,高一,2999,面授,30
数学,高一,7800,面授,30
物理,高一,2999,面授,30
生物,高一,2999,面授,30
数学,高一,2999,面授,30
数学,高一,2999,面授,30
物理,高一,2999,面授,30
生物,高一,2999,面授,30
数学,高一,2999,面授,30
数学,高一,2999,面授,30
物理,高一,2999,面授,30
物理,高一,2999,面授,30
数学,高一,2999,面授,30
英语,高一,2999,面授,30
数学,高一,2999,面授,30
生物,高一,2999,面授,30
数学,高一,2999,面授,30
化学,高一,2999,面授,30
生物,高一,2999,面授,30
数学,高一,2999,面授,30
物理,高一,2999,面授,30
生物,高一,2999,面授,30
生物,高一,2999,面授,30
数学,高一,2999,面授,30
物理,高一,2999,面授,30
英语,高一,2999,面授,30
英语,高一,2999,面授,30
语文,高一,2999,面授,30
化学,高一,2999,面授,30
数学,高一,2999,面授,30
英语,高一,2999,面授,30
化学,高一,2999,面授,30
数学,高一,2999,面授,30
物理,高一,2999,面授,30
英语,高一,2999,面授,30
数学,高一,2999,面授,30
物理,高一,2999,面授,30
数学,高一,2999,面授,30
数学,高一,2999,面授,30
数学,高一,2999,面授,30
英语,高一,2999,面授,30
物理,高一,2999,面授,30
英语,高一,5980,住宿,60
英语,高一,3280,住宿,40
英语,高一,3280,住宿,40
历史,高一,1499,面授,15
地理,高一,1499,面授,15
地理,高一,1499,面授,15
语文,高三,2999,面授,30
英语,高一,2999,面授,30
语文,高一,2999,面授,30
生物,高一,3599,面授,36
语文,高一,2999,面授,30
物理,高一,2999,面授,30
化学,高一,2999,面授,30
数学,高一,2999,面授,30
英语,高一,2999,面授,30
英语,高一,2999,面授,30
生物,高一,2999,面授,30
联报,高一,399,直播,12
联报,高二,399,直播,18
英语,高一,5980,住宿,60
语文,高一,2999,面授,30
语文,高一,2999,面授,30
英语,高一,2999,面授,30
英语,高一,2999,面授,30
化学,高一,2999,面授,30
英语,高一,2999,面授,30
英语,高一,2999,面授,30
语文,高一,2999,面授,30
生物,高一,2999,面授,30
语文,高一,2999,面授,30
化学,高一,2999,面授,30
化学,高一,2999,面授,30
数学,高一,2999,面授,30
语文,高一,2999,面授,30
物理,高一,2999,面授,30
化学,高一,2999,面授,30
英语,高一,2999,面授,30
英语,高一,2999,面授,30
英语,高一,2999,面授,30
化学,高一,2999,面授,30
数学,高一,2999,面授,30
化学,高一,2999,面授,30
化学,高一,2999,面授,30
化学,高一,2999,面授,30
生物,高一,2999,面授,30
语文,高一,2999,面授,30
语文,高一,2999,面授,30
英语,高一,2999,面授,30
英语,高一,2999,面授,30
化学,高一,2999,面授,30
生物,高一,2999,面授,30
英语,高一,2999,面授,30
物理,高一,2999,面授,30
化学,高一,2999,面授,30
物理,高一,2999,面授,30
英语,高一,2999,面授,30
化学,高一,2999,面授,30
化学,高一,2999,面授,30
数学,高一,2999,面授,30
化学,高一,2999,面授,30
数学,高一,2999,面授,30
语文,高一,2999,面授,30
语文,高一,2999,面授,30
化学,高一,2999,面授,30
语文,高一,2999,面授,30
物理,高一,2999,面授,30
数学,高一,2999,面授,30
英语,高一,2999,面授,30
语文,高一,2999,面授,30
语文,高一,2999,面授,30
化学,高一,2999,面授,30
生物,高一,2999,面授,30
英语,高一,2999,面授,30
生物,高一,2999,面授,30
英语,高一,2999,面授,30
物理,高一,2999,面授,30
物理,高一,2999,面授,30
物理,高一,2999,面授,30
物理,高一,2999,面授,30
英语,高一,2999,面授,30
物理,高一,2999,面授,30
语文,高一,2999,面授,30
物理,高一,2999,面授,30
物理,高一,2999,面授,30
化学,高一,2999,面授,30
化学,高一,2999,面授,30
生物,高一,2999,面授,30
英语,高一,2999,面授,30
英语,高一,2999,面授,30
英语,高一,2999,面授,30
数学,高一,2999,面授,30
物理,高一,2999,面授,30
化学,高一,2999,面授,30
物理,高一,2999,面授,30
语文,高一,2999,面授,30
语文,高一,2999,面授,30
语文,高一,2999,面授,30
化学,高一,2999,面授,30
数学,高一,2999,面授,30
语文,高一,2999,面授,30
化学,高一,2999,面授,30
英语,高一,2999,面授,30
生物,高一,2999,面授,30
化学,高一,2999,面授,30
语文,高一,2999,面授,30
数学,高一,2999,面授,30
物理,高一,2999,面授,30
化学,高一,2999,面授,30
物理,高一,2999,面授,30
语文,高一,2999,面授,30
地理,高一,1499,面授,15
历史,高一,1499,面授,15
地理,高一,1499,面授,15
历史,高一,1499,面授,15
政治,高一,1499,面授,15
地理,高一,1499,面授,15
历史,高一,1499,面授,15
政治,高一,1499,面授,15
地理,高一,1499,面授,15
历史,高一,1499,面授,15
化学,高一,2999,面授,30
英语,高一,2999,面授,30
生物,高一,2999,面授,30
化学,高一,2999,面授,30
语文,高一,2999,面授,30
数学,高一,2999,面授,30
物理,高一,2999,面授,30
数学,高一,7800,面授,30
生物,高一,2999,面授,30
物理,高一,2999,面授,30
化学,高一,2999,面授,30
物理,高一,2999,面授,30
语文,高一,2999,面授,30
英语,高一,2999,面授,30
物理,高一,2999,面授,30
数学,高一,2999,面授,30
英语,高一,2999,面授,30
数学,高一,2999,面授,30
数学,高一,2999,面授,30
物理,高一,2999,面授,30
数学,高一,2999,面授,30
数学,高一,2999,面授,30
物理,高一,2999,面授,30
英语,高一,2999,面授,30
数学,高一,2999,面授,30
物理,高一,2999,面授,30
生物,高一,2999,面授,30
数学,高一,2999,面授,30
数学,高一,2999,面授,30
数学,高一,2999,面授,30
历史,高一,1499,面授,15
政治,高一,1499,面授,15
地理,高一,1499,面授,15
历史,高一,1499,面授,15
地理,高一,1499,面授,15
生物,高一,2999,面授,30
化学,高一,2999,面授,30
英语,高一,2999,面授,30
英语,高一,2999,面授,30
语文,高一,2999,面授,30
物理,高一,2999,面授,30
数学,高一,2999,面授,30
数学,高一,2999,面授,30
英语,高一,2999,面授,30
数学,高一,2999,面授,30
物理,高一,2999,面授,30
物理,高一,2999,面授,30
英语,高一,2999,面授,30
物理,高一,2999,面授,30
英语,高一,2999,面授,30
英语,高一,2999,面授,30
语文,高一,2999,面授,30
生物,高一,3599,面授,36
化学,高一,2999,面授,30
数学,高一,2999,面授,30
数学,高一,2999,面授,30
化学,高一,2999,面授,30
数学,高一,2999,面授,30
化学,高一,2999,面授,30
英语,高一,2999,面授,30
物理,高一,2999,面授,30
化学,高一,2999,面授,30
物理,高一,2999,面授,30
语文,高一,2999,面授,30
语文,高一,2999,面授,30
语文,高一,2999,面授,30
化学,高一,2999,面授,30
数学,高一,2999,面授,30
语文,高一,2999,面授,30
生物,高一,2999,面授,30
英语,高一,2999,面授,30
数学,高一,2999,面授,30
英语,高一,2999,面授,30
数学,高一,2999,面授,30
物理,高一,2999,面授,30
物理,高一,2999,面授,30
物理,高一,2999,面授,30
英语,高一,2999,面授,30
数学,高一,2999,面授,30
数学,高一,2999,面授,30
英语,高一,2999,面授,30
英语,高一,2999,面授,30
化学,高一,2999,面授,30
数学,高一,2999,面授,30
语文,高一,2999,面授,30
生物,高一,2999,面授,30
化学,高一,2999,面授,30
物理,高一,2999,面授,30
化学,高一,2999,面授,30
英语,高一,2999,面授,30
数学,高一,2999,面授,30
物理,高一,2999,面授,30
英语,高一,2999,面授,30
数学,高一,2999,面授,30
物理,高一,2999,面授,30
生物,高一,2999,面授,30
数学,高一,2999,面授,30
数学,高一,2999,面授,30
数学,高一,2999,面授,30
物理,高一,2999,面授,30
数学,高一,2999,面授,30
数学,高一,2999,面授,30
数学,高一,2999,面授,30
数学,高一,2999,面授,30
数学,高一,2999,面授,30
物理,高一,2999,面授,30
数学,高一,2999,面授,30
生物,高一,2999,面授,30
物理,高一,2999,面授,30
物理,高一,2999,面授,30
英语,高一,2999,面授,30
数学,高一,2999,面授,30
数学,高一,2999,面授,30
物理,高一,2999,面授,30
物理,高一,2999,面授,30
数学,高一,2999,面授,30
物理,高一,2999,面授,30
物理,高一,2999,面授,30
数学,高一,2999,面授,30
物理,高一,2999,面授,30
数学,高一,2999,面授,30
化学,高一,2999,面授,30
化学,高一,2999,面授,30
化学,高一,2999,面授,30
生物,高一,2999,面授,30
语文,高三,2999,面授,30
数学,高一,2999,面授,30
英语,高一,7800,面授,30
数学,高一,2999,面授,30
联报,高三,15880,住宿,118
英语,高三,5980,住宿,60
英语,高三,5980,住宿,60
数学,高三,5980,住宿,60
数学,高三,5980,住宿,60
数学,高三,5980,住宿,60
英语,高三,12150,住宿,78
英语,高三,12150,住宿,78
英语,高三,12150,住宿,78
联报,高二,15880,住宿,118
联报,高一,7980,住宿,90
数学,高一,2999,面授,30
数学,高一,2999,面授,30
英语,高一,2999,面授,30
数学,高一,2999,面授,30
物理,高一,2999,面授,30
物理,高一,2999,面授,30
英语,高一,2999,面授,30
物理,高一,2999,面授,30
英语,高二,3280,住宿,40
英语,高一,2999,面授,30
数学,高一,2999,面授,30
英语,高三,3280,住宿,40
英语,高一,3280,住宿,40
英语,高一,3280,住宿,40
联报,高三,15880,住宿,118
联报,高三,7980,住宿,90
联报,高三,7980,住宿,90
联报,高三,15880,住宿,118
联报,高三,7980,住宿,90
英语,高三,5980,住宿,60
英语,高一,12150,住宿,78
英语,高一,12150,住宿,78
英语,高一,5980,住宿,60
英语,高一,5980,住宿,60
英语,高二,5980,住宿,60
英语,高二,5980,住宿,60
联报,高二,7980,住宿,90
联报,高二,7980,住宿,90
联报,高二,7980,住宿,90
英语,高二,12150,住宿,78
政治,高一,400,录播,8
政治,高一,400,录播,8
地理,高一,400,录播,8
地理,高一,400,录播,8
地理,高一,400,录播,8
地理,高一,400,录播,8
地理,高一,400,录播,8
历史,高一,400,录播,8
政治,高一,400,录播,8
地理,高一,400,录播,8
地理,高一,1499,面授,15
地理,高一,1499,面授,15
历史,高一,1499,面授,15
历史,高一,1499,面授,15
政治,高一,1499,面授,15
英语,高二,3280,住宿,40
英语,高三,3280,住宿,40
英语,高二,3280,住宿,40
英语,高三,3280,住宿,40
英语,高一,3280,住宿,40
英语,高三,12150,住宿,78
英语,高三,12150,住宿,78
英语,高三,12150,住宿,78
英语,高一,12150,住宿,78
英语,高一,12150,住宿,78
英语,高一,5980,住宿,60
英语,高二,5980,住宿,60
英语,高二,5980,住宿,60
英语,高二,12150,住宿,78
英语,高二,12150,住宿,78
地理,高一,400,录播,8
历史,高一,400,录播,8
历史,高一,400,录播,8
地理,高一,1499,面授,15
历史,高一,1499,面授,15
政治,高一,1499,面授,15
历史,高一,1499,面授,15
政治,高一,1499,面授,15
政治,高一,1499,面授,15
历史,高一,1499,面授,15
英语,高三,2999,面授,30
化学,高一,2999,面授,30
语文,高一,2999,面授,30
数学,高一,2999,面授,30
数学,高一,2999,面授,30
英语,高一,2999,面授,30
物理,高一,2999,面授,30
语文,高一,2999,面授,30
数学,高一,2999,面授,30
化学,高一,2999,面授,30
英语,高二,12150,住宿,78
联报,高一,15880,住宿,118
联报,高一,15880,住宿,118
联报,高一,7980,住宿,90
历史,高一,400,录播,8
历史,高一,400,录播,8
历史,高一,400,录播,8
历史,高一,400,录播,8
政治,高一,400,录播,8
政治,高一,400,录播,8
英语,高一,2999,面授,30
生物,高一,2999,面授,30
英语,高一,2999,面授,30
英语,高一,2999,面授,30
语文,高一,2999,面授,30
化学,高一,2999,面授,30
语文,高一,2999,面授,30
英语,高一,2999,面授,30
语文,高一,2999,面授,30
语文,高一,2999,面授,30
数学,高一,2999,面授,30
物理,高一,2999,面授,30
物理,高一,2999,面授,30
数学,高一,2999,面授,30
物理,高一,2999,面授,30
生物,高一,2999,面授,30
英语,高一,2999,面授,30
生物,高一,2999,面授,30
数学,高一,2999,面授,30
物理,高一,2999,面授,30
化学,高一,2999,面授,30
化学,高一,2999,面授,30
物理,高一,2999,面授,30
英语,高一,2999,面授,30
化学,高一,2999,面授,30
物理,高一,2999,面授,30
英语,高一,2999,面授,30
数学,高一,2999,面授,30
语文,高一,2999,面授,30
英语,高一,2999,面授,30
语文,高一,2999,面授,30
化学,高一,2999,面授,30
数学,高一,2999,面授,30
化学,高一,2999,面授,30
物理,高一,2999,面授,30
生物,高一,2999,面授,30
数学,高一,2999,面授,30
数学,高一,2999,面授,30
物理,高一,2999,面授,30
语文,高一,2999,面授,30
英语,高一,3280,住宿,40
英语,高三,5980,住宿,60
英语,高三,5980,住宿,60
英语,高三,5980,住宿,60
英语,高三,5980,住宿,60
数学,高三,5980,住宿,60
数学,高三,5980,住宿,60
数学,高三,5980,住宿,60
数学,高三,5980,住宿,60
英语,高三,12150,住宿,78
英语,高一,2999,面授,30
化学,高一,2999,面授,30
化学,高一,2999,面授,30
化学,高一,2999,面授,30
英语,高一,2999,面授,30
语文,高一,2999,面授,30
英语,高一,2999,面授,30
生物,高一,2999,面授,30
物理,高一,2999,面授,30
语文,高一,2999,面授,30
语文,高一,2999,面授,30
物理,高一,2999,面授,30
化学,高一,2999,面授,30
化学,高一,2999,面授,30
生物,高一,2999,面授,30
英语,高一,2999,面授,30
语文,高一,2999,面授,30
英语,高一,2999,面授,30
英语,高一,2999,面授,30
语文,高一,2999,面授,30
英语,高一,2999,面授,30
语文,高一,2999,面授,30
化学,高一,2999,面授,30
语文,高一,2999,面授,30
生物,高一,2999,面授,30
语文,高一,2999,面授,30
物理,高一,2999,面授,30
英语,高一,2999,面授,30
语文,高一,2999,面授,30
化学,高一,2999,面授,30
地理,高一,1499,面授,15
政治,高一,1499,面授,15
地理,高一,1499,面授,15
语文,高一,2999,面授,30
化学,高一,2999,面授,30
历史,高一,1499,面授,15
历史,高一,1499,面授,15
地理,高一,1499,面授,15
语文,高一,2999,面授,30
生物,高一,2999,面授,30
语文,高一,2999,面授,30
数学,高一,2999,面授,30
化学,高一,2999,面授,30
化学,高一,2999,面授,30
生物,高一,2999,面授,30
生物,高一,2999,面授,30
英语,高一,2999,面授,30
语文,高一,2999,面授,30
英语,高一,2999,面授,30
英语,高一,2999,面授,30
历史,高一,1499,面授,15
历史,高一,1499,面授,15
历史,高一,1499,面授,15
地理,高一,1499,面授,15
地理,高一,1499,面授,15
历史,高一,1499,面授,15
政治,高一,1499,面授,15
生物,高一,2999,面授,30
英语,高一,2999,面授,30
地理,高一,1499,面授,15
政治,高一,1499,面授,15
地理,高一,1499,面授,15
语文,高一,2999,面授,30
英语,高一,2999,面授,30
英语,高一,2999,面授,30
语文,高一,2999,面授,30
化学,高一,2999,面授,30
英语,高一,2999,面授,30
语文,高一,2999,面授,30
语文,高一,2999,面授,30
英语,高一,2999,面授,30
生物,高一,2999,面授,30
英语,高一,2999,面授,30
英语,高一,2999,面授,30
物理,高一,2999,面授,30
物理,高一,2999,面授,30
英语,高一,2999,面授,30
数学,高一,2999,面授,30
数学,高一,2999,面授,30
数学,高一,2999,面授,30
语文,高一,2999,面授,30
生物,高一,2999,面授,30
语文,高一,2999,面授,30
生物,高一,2999,面授,30
语文,高一,2999,面授,30
物理,高一,2999,面授,30
化学,高一,2999,面授,30
生物,高一,2999,面授,30
英语,高一,2999,面授,30
语文,高一,2999,面授,30
英语,高一,2999,面授,30
英语,高一,2999,面授,30
语文,高一,2999,面授,30
英语,高一,2999,面授,30
化学,高一,2999,面授,30
化学,高一,2999,面授,30
语文,高一,2999,面授,30
化学,高一,2999,面授,30
生物,高一,2999,面授,30
语文,高一,2999,面授,30
物理,高一,2999,面授,30
物理,高一,2999,面授,30
英语,高一,2999,面授,30
数学,高一,2999,面授,30
数学,高一,2999,面授,30
物理,高一,2999,面授,30
英语,高一,2999,面授,30
物理,高一,2999,面授,30
数学,高一,2999,面授,30
物理,高一,2999,面授,30
物理,高一,2999,面授,30
数学,高一,2999,面授,30
物理,高一,2999,面授,30
物理,高一,2999,面授,30
数学,高一,2999,面授,30
物理,高一,2999,面授,30
数学,高一,2999,面授,30
数学,高一,2999,面授,30
数学,高一,2999,面授,30
生物,高一,2999,面授,30
数学,高一,2999,面授,30
数学,高一,2999,面授,30
物理,高一,2999,面授,30
数学,高一,2999,面授,30
数学,高一,2999,面授,30
数学,高一,2999,面授,30
数学,高一,2999,面授,30
数学,高一,2999,面授,30
物理,高一,2999,面授,30
英语,高一,2999,面授,30
化学,高一,2999,面授,30
英语,高一,2999,面授,30
语文,高一,2999,面授,30
语文,高一,2999,面授,30
生物,高一,2999,面授,30
语文,高一,2999,面授,30
生物,高一,2999,面授,30
语文,高一,2999,面授,30
物理,高一,2999,面授,30
化学,高一,2999,面授,30
物理,高一,2999,面授,30
数学,高一,2999,面授,30
物理,高一,2999,面授,30
数学,高一,2999,面授,30
数学,高一,2999,面授,30
数学,高一,2999,面授,30
生物,高一,2999,面授,30
联报,初一,299,直播,6
联报,初二,299,直播,8
数学,高一,2999,面授,30
物理,高一,2999,面授,30
生物,高一,2999,面授,30
联报,初二,299,直播,8
生物,高一,2999,面授,30
化学,高一,2999,面授,30
数学,高一,2999,面授,30
数学,高一,2999,面授,30
联报,初一,299,直播,6
联报,初二,299,直播,8
英语,高一,2999,面授,30
化学,高一,2999,面授,30
联报,初一,299,直播,6
生物,初二,1800,面授,12
历史,初三,1800,面授,12
化学,高一,2999,面授,30
生物,高一,2999,面授,30
生物,初三,1800,面授,12
生物,初三,1800,面授,12
生物,初三,1800,面授,12
数学,高一,2999,面授,30
英语,高一,2999,面授,30
生物,初二,1800,面授,12
生物,初二,1800,面授,12
物理,高一,2999,面授,30
英语,高一,2999,面授,30
生物,高一,2999,面授,30
英语,高一,2999,面授,30
英语,高一,2999,面授,30
物理,高一,2999,面授,30
物理,高一,2999,面授,30
英语,高一,2999,面授,30
数学,高一,2999,面授,30
数学,高一,2999,面授,30
英语,初一,800,录播,16
联报,初一,299,直播,6
联报,初二,299,直播,8
地理,初二,1800,面授,12
地理,初二,1800,面授,12
地理,初二,1800,面授,12
地理,初二,1800,面授,12
地理,初二,1800,面授,12
历史,初三,600,直播,12
历史,初三,600,直播,12
历史,初三,600,直播,12
历史,初三,600,直播,12
历史,初三,600,直播,12
地理,初三,600,直播,12
地理,初三,600,直播,12
生物,初二,1800,面授,12
生物,初二,600,直播,12
生物,初二,600,直播,12
生物,初二,600,直播,12
生物,初二,600,直播,12
生物,初二,600,直播,12
生物,初二,600,直播,12
生物,初二,600,直播,12
地理,初二,600,直播,12
地理,初二,600,直播,12
地理,初二,600,直播,12
地理,初三,600,直播,12
地理,初三,600,直播,12
地理,初三,600,直播,12
地理,初三,600,直播,12
地理,初三,600,直播,12
地理,初三,600,直播,12
地理,初三,600,直播,12
政治,初三,600,直播,12
政治,初三,600,直播,12
生物,初二,1800,面授,12
生物,初三,1800,面授,12
地理,初二,1800,面授,12
地理,初二,1800,面授,12
生物,初二,1800,面授,12
地理,初二,1800,面授,12
地理,初三,1800,面授,12
地理,初二,1800,面授,12
生物,初三,1800,面授,12
地理,初二,1800,面授,12
地理,初二,1800,面授,12
历史,初三,1800,面授,12
地理,初二,1800,面授,12
生物,初三,1800,面授,12
生物,初二,1800,面授,12
生物,初二,1800,面授,12
地理,初二,1800,面授,12
生物,初二,1800,面授,12
地理,初三,1800,面授,12
生物,初二,1800,面授,12
生物,初二,600,直播,12
生物,初二,600,直播,12
生物,初二,600,直播,12
生物,初二,600,直播,12
生物,初二,600,直播,12
生物,初二,600,直播,12
生物,初二,600,直播,12
政治,初三,600,直播,12
政治,初三,600,直播,12
政治,初三,600,直播,12
历史,初三,1800,面授,12
生物,初三,1800,面授,12
地理,初三,1800,面授,12
生物,初二,1800,面授,12
地理,初三,1800,面授,12
生物,初二,1800,面授,12
生物,初三,1800,面授,12
生物,初二,1800,面授,12
生物,初三,1800,面授,12
历史,初三,1800,面授,12
历史,初三,1800,面授,12
生物,初二,1800,面授,12
生物,初二,1800,面授,12
生物,初二,1800,面授,12
生物,初三,1800,面授,12
生物,初二,1800,面授,12
生物,初二,1800,面授,12
地理,初三,1800,面授,12
生物,初二,1800,面授,12
生物,初三,1800,面授,12
生物,初三,600,直播,12
生物,初三,600,直播,12
生物,初三,600,直播,12
生物,初三,600,直播,12
生物,初三,600,直播,12
生物,初三,600,直播,12
生物,初三,600,直播,12
地理,初三,1800,面授,12
地理,初二,1800,面授,12
地理,初二,1800,面授,12
生物,初三,1800,面授,12
生物,初二,1800,面授,12
历史,初三,1800,面授,12
生物,初二,1800,面授,12
历史,初三,1800,面授,12
生物,初二,1800,面授,12
生物,初三,1800,面授,12
生物,初二,1800,面授,12
生物,初二,1800,面授,12
地理,初三,1800,面授,12
历史,初三,600,直播,12
历史,初三,600,直播,12
历史,初三,600,直播,12
历史,初三,600,直播,12
地理,初二,600,直播,12
地理,初二,600,直播,12
地理,初二,600,直播,12
地理,初二,600,直播,12
地理,初二,600,直播,12
地理,初二,600,直播,12
地理,初三,1800,面授,12
地理,初二,1800,面授,12
地理,初二,1800,面授,12
地理,初二,1800,面授,12
地理,初二,1800,面授,12
地理,初二,1800,面授,12
地理,初二,1800,面授,12
地理,初二,1800,面授,12
地理,初二,1800,面授,12
政治,初三,1800,面授,12
地理,初二,1800,面授,12
政治,初三,1800,面授,12
地理,初二,1800,面授,12
地理,初二,1800,面授,12
地理,初二,1800,面授,12
地理,初二,1800,面授,12
地理,初二,1800,面授,12
政治,初三,1800,面授,12
地理,初二,1800,面授,12
生物,初三,1800,面授,12
地理,初三,1800,面授,12
生物,初三,1800,面授,12
历史,初三,1800,面授,12
历史,初三,1800,面授,12
地理,初三,1800,面授,12
地理,初三,1800,面授,12
生物,初二,1800,面授,12
生物,初二,1800,面授,12
生物,初二,1800,面授,12
历史,初三,1800,面授,12
生物,初二,1800,面授,12
历史,初三,1800,面授,12
地理,初三,1800,面授,12
历史,初三,1800,面授,12
生物,初二,1800,面授,12
生物,初二,1800,面授,12
生物,初二,1800,面授,12
生物,初二,1800,面授,12
生物,初二,1800,面授,12
地理,初三,1800,面授,12
化学,初三,599,面授,6
数学,初三,599,面授,6
数学,初三,599,面授,6
数学,初三,599,面授,6
数学,初三,599,面授,6
物理,初三,599,面授,6
物理,初三,599,面授,6
英语,初三,599,面授,6
英语,初三,599,面授,6
语文,初三,599,面授,6
联报,初三,299,直播,10
联报,初二,299,直播,8
联报,初一,299,直播,6
数学,初一,599,面授,6
英语,初一,599,面授,6
语文,初一,599,面授,6
物理,初二,599,面授,6
物理,初二,599,面授,6
物理,初二,599,面授,6
数学,初一,599,面授,6
数学,初一,599,面授,6
数学,初一,599,面授,6
语文,初一,599,面授,6
语文,初一,599,面授,6
语文,初一,599,面授,6
语文,初一,599,面授,6
语文,初一,599,面授,6
语文,初一,599,面授,6
语文,初一,599,面授,6
物理,初二,599,面授,6
物理,初二,599,面授,6
物理,初二,599,面授,6
化学,初三,599,面授,6
化学,初三,599,面授,6
数学,初三,599,面授,6
物理,初三,599,面授,6
物理,初三,599,面授,6
英语,初三,599,面授,6
英语,初三,599,面授,6
语文,初三,599,面授,6
数学,初一,599,面授,6
数学,初一,599,面授,6
英语,初一,599,面授,6
英语,初一,599,面授,6
英语,初一,599,面授,6
英语,初一,599,面授,6
英语,初一,599,面授,6
英语,初一,599,面授,6
英语,初一,599,面授,6
英语,初一,599,面授,6
数学,初二,599,面授,6
数学,初二,599,面授,6
语文,初一,599,面授,6
语文,初一,599,面授,6
语文,初一,599,面授,6
语文,初一,599,面授,6
语文,初一,599,面授,6
语文,初一,599,面授,6
语文,初一,599,面授,6
物理,初二,599,面授,6
语文,初二,599,面授,6
语文,初二,599,面授,6
英语,初一,599,面授,6
语文,初一,599,面授,6
数学,初二,599,面授,6
语文,初一,599,面授,6
语文,初一,599,面授,6
语文,初一,599,面授,6
语文,初一,599,面授,6
语文,初一,599,面授,6
英语,初一,599,面授,6
英语,初一,599,面授,6
英语,初一,599,面授,6
英语,初一,599,面授,6
数学,初二,599,面授,6
数学,初二,599,面授,6
英语,初二,599,面授,6
英语,初二,599,面授,6
英语,初二,599,面授,6
英语,初二,599,面授,6
数学,初一,599,面授,6
数学,初一,599,面授,6
数学,初一,599,面授,6
数学,初一,599,面授,6
数学,初一,599,面授,6
数学,初一,599,面授,6
数学,初一,599,面授,6
数学,初一,599,面授,6
数学,初一,599,面授,6
数学,初一,599,面授,6
数学,初二,599,面授,6
数学,初二,599,面授,6
数学,初二,599,面授,6
语文,初一,599,面授,6
语文,初一,599,面授,6
语文,初一,599,面授,6
物理,初二,599,面授,6
物理,初二,599,面授,6
数学,初一,599,面授,6
数学,初一,599,面授,6
生物,初三,600,录播,3
生物,初三,600,录播,3
生物,初三,600,录播,3
联报,初三,60,面授,13
联报,初三,60,面授,13
联报,初三,60,面授,13
联报,初三,60,面授,13
联报,初三,60,面授,13
联报,初三,60,面授,13
联报,初三,60,面授,13
生物,初三,600,录播,3
生物,初三,600,录播,3
联报,初三,60,面授,13
联报,初三,60,面授,13
联报,初三,60,面授,13
联报,初三,60,面授,13
联报,初三,60,面授,13
联报,初三,60,面授,13
联报,初三,60,面授,13
联报,初三,60,面授,13
联报,初三,60,面授,13
联报,初三,60,面授,13
联报,初三,60,面授,13
联报,初三,60,面授,13
联报,初三,60,面授,13
联报,初三,60,面授,13
联报,初三,60,面授,13
联报,初三,60,面授,13
联报,初三,60,面授,13
联报,初三,60,面授,13
英语,初二,599,面授,6
英语,初二,599,面授,6
英语,初二,599,面授,6
语文,初二,599,面授,6
语文,初二,599,面授,6
语文,初二,599,面授,6
联报,初三,60,面授,13
联报,初三,60,面授,13
联报,初三,60,面授,13
联报,初三,60,面授,13
联报,初三,60,面授,13
联报,初三,60,面授,13
历史,初三,600,录播,3
历史,初三,600,录播,3
历史,初三,600,录播,3
历史,初三,600,录播,3
政治,初三,600,录播,3
政治,初三,600,录播,3
政治,初三,600,录播,3
地理,初三,600,录播,3
历史,初三,600,录播,3
历史,初三,600,录播,3
历史,初三,600,录播,3
政治,初三,600,录播,3
政治,初三,600,录播,3
政治,初三,600,录播,3
地理,初三,600,录播,3
地理,初三,600,录播,3
政治,初三,600,录播,3
地理,初三,600,录播,3
物理,初三,600,面授,3
英语,初三,600,面授,3
语文,初三,600,面授,3
语文,初三,600,面授,3
历史,初三,600,面授,3
物理,初三,600,面授,3
英语,初三,600,面授,3
英语,初三,600,面授,3
语文,初三,600,面授,3
地理,初三,600,面授,3
联报,初一,299,直播,6
语文,初三,600,面授,3
英语,初三,600,面授,3
语文,初三,600,面授,3
数学,初三,600,面授,3
语文,初三,600,面授,3
语文,初三,600,面授,3
地理,初三,600,面授,3
历史,初三,600,面授,3
数学,初三,600,面授,3
物理,初三,600,面授,3
英语,初三,600,面授,3
生物,初三,600,面授,3
英语,初三,600,面授,3
地理,初三,600,面授,3
英语,初三,600,面授,3
物理,初三,600,面授,3
数学,初三,600,面授,3
生物,初三,600,面授,3
物理,初三,600,面授,3
英语,初一,599,面授,6
英语,初一,599,面授,6
英语,初一,599,面授,6
英语,初一,599,面授,6
英语,初一,599,面授,6
英语,初一,599,面授,6
英语,初一,599,面授,6
英语,初一,599,面授,6
数学,初二,599,面授,6
物理,初二,599,面授,6
生物,初三,600,面授,3
英语,初三,600,面授,3
地理,初三,600,面授,3
英语,初三,600,面授,3
物理,初三,600,面授,3
物理,初三,600,面授,3
英语,初三,600,面授,3
生物,初三,600,面授,3
历史,初三,600,面授,3
地理,初三,600,面授,3
物理,初三,600,面授,3
语文,初三,600,面授,3
物理,初三,600,面授,3
英语,初三,600,面授,3
语文,初三,600,面授,3
语文,初三,600,面授,3
语文,初三,600,面授,3
物理,初三,600,面授,3
数学,初三,600,面授,3
数学,初三,600,面授,3
物理,初三,600,面授,3
物理,初三,600,面授,3
英语,初三,600,面授,3
语文,初三,600,面授,3
英语,初三,600,面授,3
英语,初三,600,面授,3
物理,初三,600,面授,3
数学,初三,600,面授,3
生物,初三,600,面授,3
物理,初三,600,面授,3
英语,初三,600,面授,3
物理,初三,1800,面授,3
语文,初三,1800,面授,3
语文,初三,600,面授,3
物理,初三,600,面授,3
语文,初三,600,面授,3
数学,初三,600,面授,3
物理,初三,600,面授,3
英语,初三,600,面授,3
语文,初三,600,面授,3
物理,初三,600,面授,3
英语,初三,600,面授,3
物理,初三,600,面授,3
数学,初三,600,面授,3
语文,初三,600,面授,3
英语,初三,600,面授,3
物理,初三,600,面授,3
英语,初三,600,面授,3
生物,初三,600,面授,3
英语,初三,600,面授,3
语文,初三,1800,面授,3
英语,初三,1800,面授,3
语文,初三,600,面授,3
数学,初三,600,面授,3
数学,初三,600,面授,3
英语,初三,600,面授,3
语文,初三,600,面授,3
数学,初三,600,面授,3
物理,初三,600,面授,3
语文,初三,600,面授,3
数学,初三,600,面授,3
物理,初三,1800,面授,3
物理,初三,600,面授,3
数学,初三,600,面授,3
语文,初三,600,面授,3
英语,初三,600,面授,3
数学,初三,600,面授,3
英语,初三,600,面授,3
数学,初三,600,面授,3
数学,初三,600,面授,3
数学,初三,600,面授,3
物理,初三,600,面授,3
数学,初三,600,面授,3
语文,初三,600,面授,3
语文,初三,600,面授,3
物理,初三,600,面授,3
语文,初三,600,面授,3
英语,初三,600,面授,3
物理,初三,600,面授,3
物理,初三,600,面授,3
化学,初三,600,面授,3
英语,初三,600,面授,3
英语,初三,600,面授,3
化学,初三,600,面授,3
英语,初三,600,面授,3
化学,初三,600,面授,3
英语,初三,600,面授,3
化学,初三,600,面授,3
英语,初三,600,面授,3
英语,初三,600,面授,3
数学,初三,600,面授,3
物理,初三,1800,面授,3
物理,初三,600,面授,3
数学,初三,600,面授,3
语文,初三,600,面授,3
英语,初三,600,面授,3
数学,初三,600,面授,3
英语,初三,600,面授,3
数学,初三,600,面授,3
数学,初三,600,面授,3
物理,初三,600,面授,3
数学,初三,600,面授,3
数学,初三,600,面授,3
数学,初三,600,面授,3
英语,初三,600,面授,3
数学,初三,600,面授,3
数学,初三,600,面授,3
数学,初三,600,面授,3
数学,初三,600,面授,3
数学,初三,600,面授,3
英语,初三,600,面授,3
数学,初三,600,面授,3
语文,初三,600,面授,3
数学,初三,600,面授,3
数学,初三,600,面授,3
英语,初三,600,面授,3
数学,初三,600,面授,3
物理,初三,600,面授,3
数学,初三,600,面授,3
数学,初三,600,面授,3
数学,初三,600,面授,3
英语,初三,600,面授,3
数学,初三,600,面授,3
数学,初三,600,面授,3
数学,初三,600,面授,3
数学,初三,600,面授,3
物理,初三,600,面授,3
物理,初三,600,面授,3
数学,初三,600,面授,3
物理,初三,600,面授,3
英语,初三,600,面授,3
历史,初三,600,面授,3
化学,初三,600,面授,3
英语,初三,600,面授,3
化学,初三,600,面授,3
化学,初三,600,面授,3
英语,初三,600,面授,3
化学,初三,600,面授,3
化学,初三,600,面授,3
化学,初三,600,面授,3
化学,初三,600,面授,3
化学,初三,600,面授,3
生物,初三,600,面授,3
英语,初三,600,面授,3
英语,初三,600,面授,3
语文,初三,600,面授,3
物理,初三,600,面授,3
英语,初三,600,面授,3
物理,初三,600,面授,3
生物,初三,600,面授,3
物理,初三,600,面授,3
物理,初三,600,面授,3
数学,初三,600,面授,3
语文,初三,600,面授,3
语文,初三,600,面授,3
英语,初三,600,面授,3
语文,初三,600,面授,3
物理,初三,600,面授,3
数学,初三,600,面授,3
数学,初三,600,面授,3
物理,初三,600,面授,3
语文,初三,600,面授,3
语文,初三,600,面授,3
英语,初三,600,面授,3
语文,初三,600,面授,3
物理,初三,600,面授,3
物理,初三,600,面授,3
英语,初三,600,面授,3
英语,初三,600,面授,3
语文,初三,600,面授,3
地理,初三,600,面授,3
历史,初三,600,面授,3
语文,初三,600,面授,3
英语,初三,600,面授,3
数学,初三,600,面授,3
物理,初三,600,面授,3
语文,初三,600,面授,3
物理,初三,600,面授,3
语文,初三,600,面授,3
地理,初三,600,面授,3
历史,初三,600,面授,3
英语,初三,600,面授,3
物理,初三,600,面授,3
数学,初三,600,面授,3
语文,初三,600,面授,3
语文,初三,600,面授,3
英语,初三,600,面授,3
语文,初三,600,面授,3
物理,初三,600,面授,3
数学,初三,600,面授,3
数学,初三,600,面授,3
物理,初三,600,面授,3
语文,初三,600,面授,3
英语,初三,600,面授,3
物理,初三,600,面授,3
英语,初三,600,面授,3
语文,初三,600,面授,3
物理,初三,600,面授,3
物理,初三,600,面授,3
物理,初三,600,面授,3
数学,初三,600,面授,3
物理,初三,600,面授,3
语文,初三,600,面授,3
生物,初三,600,面授,3
历史,初三,600,面授,3
地理,初三,600,面授,3
数学,初三,600,面授,3
语文,初三,600,面授,3
物理,初三,600,面授,3
英语,初三,600,面授,3
数学,初三,600,面授,3
数学,初三,600,面授,3
化学,初三,600,面授,3
化学,初三,600,面授,3
化学,初三,600,面授,3
化学,初三,600,面授,3
英语,初三,600,面授,3
化学,初三,600,面授,3
化学,初三,600,面授,3
化学,初三,600,面授,3
化学,初三,600,面授,3
英语,初三,600,面授,3
数学,初三,600,面授,3
物理,初三,600,面授,3
英语,初三,600,面授,3
语文,初三,600,面授,3
数学,初三,1800,面授,3
数学,初三,600,面授,3
数学,初三,600,面授,3
数学,初三,600,面授,3
语文,初三,1800,面授,3
英语,初三,1800,面授,3
英语,初三,600,面授,3
语文,初三,600,面授,3
物理,初三,600,面授,3
英语,初三,600,面授,3
历史,初三,600,面授,3
地理,初三,600,面授,3
英语,初三,600,面授,3
数学,初三,600,面授,3
数学,初三,600,面授,3
语文,初三,600,面授,3
数学,初三,600,面授,3
物理,初三,600,面授,3
数学,初三,600,面授,3
数学,初三,600,面授,3
数学,初三,600,面授,3
数学,初三,600,面授,3
数学,初三,600,面授,3
数学,初三,600,面授,3
数学,初三,600,面授,3
化学,初三,600,面授,3
英语,初三,600,面授,3
化学,初三,600,面授,3
英语,初三,600,面授,3
化学,初三,600,面授,3
化学,初三,600,面授,3
化学,初三,600,面授,3
化学,初三,600,面授,3
化学,初三,600,面授,3
化学,初三,600,面授,3
化学,初三,600,面授,3
数学,初三,600,面授,3
英语,初三,600,面授,3
化学,初三,600,面授,3
地理,初三,600,面授,3
化学,初三,600,面授,3
化学,初三,600,面授,3
语文,初三,600,面授,3
语文,初三,600,面授,3
化学,初三,600,面授,3
数学,初三,600,面授,3
数学,初三,600,面授,3
数学,初三,600,面授,3
语文,初三,600,面授,3
物理,初三,600,面授,3
数学,初三,600,面授,3
语文,初三,600,面授,3
语文,初三,600,面授,3
英语,初三,600,面授,3
语文,初三,600,面授,3
物理,初三,600,面授,3
联报,初一,7980,住宿,90
联报,初三,299,直播,10
联报,初一,299,直播,6
联报,初二,299,直播,8
英语,初二,3280,住宿,40
英语,初三,3280,住宿,40
英语,初一,3280,住宿,40
英语,初二,3280,住宿,40
英语,初三,3280,住宿,40
英语,初一,3280,住宿,40
数学,初三,600,面授,3
语文,初三,600,面授,3
数学,初三,600,面授,3
生物,初三,600,面授,3
生物,初三,600,面授,3
数学,初三,600,面授,3
联报,初三,299,直播,10
联报,初一,299,直播,6
联报,初二,299,直播,8
英语,初一,3280,住宿,40
英语,初一,3280,住宿,40
联报,初二,7980,住宿,90
联报,初二,7980,住宿,90
英语,初二,5980,住宿,60
英语,初二,5980,住宿,60
联报,初一,7980,住宿,90
英语,初一,5980,住宿,60
联报,初三,7980,住宿,90
联报,初二,15880,住宿,118
联报,初一,15880,住宿,118
联报,初三,15880,住宿,118
英语,初三,12150,住宿,78
英语,初三,12150,住宿,78
英语,初三,5980,住宿,60
英语,初三,5980,住宿,60
联报,初三,15880,住宿,118
联报,初一,7980,住宿,90
联报,初三,7980,住宿,90
联报,初二,7980,住宿,90
联报,初一,7980,住宿,90
联报,初二,7980,住宿,90
联报,初二,15880,住宿,118
联报,初一,15880,住宿,118
联报,初一,7980,住宿,90
联报,初三,7980,住宿,90
联报,初三,7980,住宿,90
历史,初一,400,录播,8
历史,初一,400,录播,8
政治,初一,400,录播,8
政治,初一,400,录播,8
联报,初一,7980,直播,90
联报,初一,15880,直播,120
语文,初一,2999,面授,30
英语,初二,5980,住宿,60
联报,初二,7980,住宿,90
英语,初二,3280,住宿,40
英语,初三,3280,住宿,40
英语,初一,3280,住宿,40
英语,初二,3280,住宿,40
英语,初三,3280,住宿,40
数学,初三,600,面授,3
语文,初三,1800,面授,3
英语,初三,1800,面授,3
数学,初三,600,面授,3
物理,初三,600,面授,3
数学,初三,600,面授,3
数学,初三,600,面授,3
数学,初三,600,面授,3
数学,初三,600,面授,3
数学,初三,600,面授,3
生物,初一,400,录播,8
生物,初一,400,录播,8
生物,初一,400,录播,8
政治,初一,400,录播,8
政治,初一,400,录播,8
政治,初一,400,录播,8
政治,初一,400,录播,8
生物,初一,400,录播,8
生物,初一,400,录播,8
生物,初一,400,录播,8
