英语,一年级,2110,None,18
数学,一年级,2110,None,18
语文,一年级,2110,None,18
英语,六年级,2950,可在线,30
英语,五年级,600,可在线,30
英语,三年级,2950,可在线,30
语文,二年级,1990,可在线,20
英语,二年级,2950,可在线,30
英语,四年级,2950,可在线,30
英语,六年级,4580,住宿,63
英语,一年级,2110,None,18
数学,一年级,2110,None,18
语文,一年级,2110,None,18
英语,二年级,600,可在线,30
英语,三年级,2950,可在线,30
英语,一年级,600,可在线,30
英语,四年级,600,可在线,30
语文,五年级,600,可在线,20
英语,二年级,600,可在线,30
英语,一年级,600,可在线,30
语文,一年级,1990,可在线,20
英语,三年级,2950,可在线,30
英语,四年级,600,可在线,30
英语,六年级,1199,面授,12
语文,六年级,1199,面授,12
英语,六年级,1199,面授,12
科学,六年级,1199,面授,12
科学,六年级,1199,面授,12
语文,六年级,1199,面授,12
语文,六年级,1199,面授,12
科学,六年级,1199,面授,12
英语,六年级,1199,面授,12
语文,六年级,1199,面授,12
语文,六年级,1199,面授,12
英语,六年级,1199,面授,12
英语,六年级,1199,面授,12
科学,六年级,1199,面授,12
科学,六年级,1199,面授,12
科学,六年级,1199,面授,12
语文,六年级,1199,面授,12
语文,六年级,1199,面授,12
语文,六年级,1199,面授,12
英语,六年级,1199,面授,12
科学,六年级,1199,面授,12
英语,六年级,1199,面授,12
英语,六年级,1199,面授,12
语文,六年级,1199,面授,12
科学,六年级,1199,面授,12
英语,六年级,1199,面授,12
英语,六年级,1199,面授,12
语文,六年级,1199,面授,12
英语,六年级,1199,面授,12
语文,六年级,1199,面授,12
语文,六年级,1199,面授,12
英语,六年级,1199,面授,12
语文,六年级,1199,面授,12
语文,六年级,1199,面授,12
英语,六年级,1199,面授,12
科学,六年级,1199,面授,12
语文,六年级,1199,面授,12
英语,六年级,1199,面授,12
科学,六年级,1199,面授,12
科学,六年级,1199,面授,12
科学,六年级,1199,面授,12
语文,六年级,1199,面授,12
英语,六年级,1199,面授,12
科学,六年级,1199,面授,12
科学,六年级,1199,面授,12
英语,六年级,1199,面授,12
科学,六年级,1199,面授,12
科学,六年级,1199,面授,12
科学,六年级,1199,面授,12
科学,六年级,1199,面授,12
科学,六年级,1199,面授,12
语文,六年级,1199,面授,12
语文,六年级,1199,面授,12
语文,六年级,1199,面授,12
英语,六年级,1199,面授,12
英语,六年级,1199,面授,12
语文,六年级,1199,面授,12
语文,六年级,1199,面授,12
语文,六年级,1199,面授,12
英语,六年级,1199,面授,12
英语,六年级,1199,面授,12
英语,六年级,1199,面授,12
科学,六年级,1199,面授,12
语文,六年级,1199,面授,12
语文,六年级,1199,面授,12
英语,六年级,1199,面授,12
语文,六年级,1199,面授,12
科学,六年级,1199,面授,12
英语,六年级,1199,面授,12
语文,六年级,1199,面授,12
英语,六年级,1199,面授,12
语文,六年级,1199,面授,12
英语,六年级,1199,面授,12
语文,六年级,1199,面授,12
语文,六年级,1199,面授,12
英语,六年级,1199,面授,12
英语,六年级,1199,面授,12
科学,六年级,1199,面授,12
语文,六年级,1199,面授,12
语文,六年级,1199,面授,12
英语,六年级,1199,面授,12
语文,六年级,1199,面授,12
英语,六年级,1199,面授,12
语文,六年级,1199,面授,12
英语,六年级,1199,面授,12
语文,六年级,1199,面授,12
语文,六年级,1199,面授,12
英语,六年级,1199,面授,12
科学,六年级,1199,面授,12
语文,六年级,1199,面授,12
科学,六年级,1199,面授,12
科学,六年级,1199,面授,12
英语,六年级,1199,面授,12
语文,六年级,1199,面授,12
英语,六年级,1199,面授,12
语文,六年级,1199,面授,12
语文,六年级,1199,面授,12
英语,六年级,1199,面授,12
语文,六年级,1199,面授,12
英语,六年级,1199,面授,12
语文,六年级,1199,面授,12
英语,六年级,1199,面授,12
语文,六年级,1199,面授,12
英语,六年级,1199,面授,12
科学,六年级,1199,面授,12
英语,六年级,1199,面授,12
科学,六年级,1199,面授,12
科学,六年级,1199,面授,12
英语,六年级,1199,面授,12
英语,六年级,1199,面授,12
英语,六年级,1199,面授,12
英语,六年级,1199,面授,12
英语,六年级,1199,面授,12
英语,六年级,1199,面授,12
科学,六年级,1199,面授,12
科学,六年级,1199,面授,12
科学,六年级,1199,面授,12
英语,六年级,1199,面授,12
科学,六年级,1199,面授,12
英语,六年级,1199,面授,12
语文,六年级,1199,面授,12
科学,六年级,1199,面授,12
科学,六年级,1199,面授,12
语文,六年级,1199,面授,12
语文,六年级,1199,面授,12
英语,六年级,1199,面授,12
英语,六年级,1199,面授,12
语文,六年级,1199,面授,12
英语,六年级,1199,面授,12
语文,六年级,1199,面授,12
英语,六年级,1199,面授,12
英语,六年级,1199,面授,12
语文,六年级,1199,面授,12
英语,六年级,1199,面授,12
科学,六年级,1199,面授,12
科学,六年级,1199,面授,12
科学,六年级,1199,面授,12
科学,六年级,1199,面授,12
科学,六年级,1199,面授,12
语文,六年级,1199,面授,12
英语,六年级,1199,面授,12
科学,六年级,1199,面授,12
科学,六年级,1199,面授,12
语文,六年级,1199,面授,12
语文,六年级,1199,面授,12
语文,六年级,1199,面授,12
英语,六年级,1199,面授,12
英语,六年级,1199,面授,12
英语,六年级,1199,面授,12
科学,六年级,1199,面授,12
语文,六年级,1199,面授,12
科学,六年级,1199,面授,12
科学,六年级,1199,面授,12
英语,六年级,1199,面授,12
语文,六年级,1199,面授,12
英语,六年级,1199,面授,12
英语,六年级,1199,面授,12
语文,六年级,1199,面授,12
语文,六年级,1199,面授,12
语文,六年级,1199,面授,12
科学,六年级,1199,面授,12
英语,六年级,1199,面授,12
科学,六年级,1199,面授,12
语文,六年级,1199,面授,12
英语,六年级,1199,面授,12
语文,六年级,1199,面授,12
英语,六年级,1199,面授,12
英语,六年级,1199,面授,12
科学,六年级,1199,面授,12
科学,六年级,1199,面授,12
英语,六年级,1199,面授,12
语文,六年级,1199,面授,12
英语,六年级,1199,面授,12
英语,六年级,1199,面授,12
英语,六年级,1199,面授,12
语文,六年级,1199,面授,12
语文,六年级,1199,面授,12
英语,六年级,1199,面授,12
英语,六年级,1199,面授,12
语文,六年级,1199,面授,12
科学,六年级,1199,面授,12
科学,六年级,1199,面授,12
语文,六年级,1199,面授,12
语文,六年级,1199,面授,12
语文,六年级,1199,面授,12
语文,六年级,1199,面授,12
语文,六年级,1199,面授,12
英语,六年级,1199,面授,12
语文,六年级,1199,面授,12
语文,六年级,1199,面授,12
科学,六年级,1199,面授,12
科学,六年级,1199,面授,12
英语,六年级,1199,面授,12
科学,六年级,1199,面授,12
语文,六年级,1199,面授,12
英语,六年级,1199,面授,12
语文,六年级,1199,面授,12
英语,六年级,1199,面授,12
英语,六年级,1199,面授,12
英语,六年级,1199,面授,12
科学,六年级,1199,面授,12
英语,六年级,1199,面授,12
科学,六年级,1199,面授,12
语文,六年级,1199,面授,12
英语,六年级,1199,面授,12
语文,六年级,1199,面授,12
英语,六年级,1199,面授,12
英语,六年级,1199,面授,12
英语,六年级,1199,面授,12
语文,六年级,1199,面授,12
科学,六年级,1199,面授,12
科学,六年级,1199,面授,12
科学,六年级,1199,面授,12
科学,六年级,1199,面授,12
语文,六年级,1199,面授,12
科学,六年级,1199,面授,12
英语,六年级,1199,面授,12
语文,六年级,1199,面授,12
英语,六年级,1199,面授,12
英语,六年级,1199,面授,12
科学,六年级,1199,面授,12
科学,六年级,1199,面授,12
英语,六年级,1199,面授,12
科学,六年级,1199,面授,12
英语,六年级,1199,面授,12
语文,六年级,1199,面授,12
英语,六年级,1199,面授,12
语文,六年级,1199,面授,12
语文,六年级,1199,面授,12
科学,六年级,1199,面授,12
语文,六年级,1199,面授,12
英语,六年级,1199,面授,12
语文,六年级,1199,面授,12
英语,六年级,1199,面授,12
语文,六年级,1199,面授,12
科学,六年级,1199,面授,12
科学,六年级,1199,面授,12
英语,六年级,1199,面授,12
英语,六年级,1199,面授,12
科学,六年级,1199,面授,12
科学,六年级,1199,面授,12
科学,六年级,1199,面授,12
英语,六年级,1199,面授,12
语文,六年级,1199,面授,12
语文,六年级,1199,面授,12
语文,六年级,1199,面授,12
英语,六年级,1199,面授,12
英语,六年级,1199,面授,12
英语,六年级,1199,面授,12
语文,六年级,1199,面授,12
语文,六年级,1199,面授,12
英语,六年级,1199,面授,12
科学,六年级,1199,面授,12
科学,六年级,1199,面授,12
科学,六年级,1199,面授,12
科学,六年级,1199,面授,12
科学,六年级,1199,面授,12
科学,六年级,1199,面授,12
科学,六年级,1199,面授,12
科学,六年级,1199,面授,12
语文,六年级,1199,面授,12
语文,六年级,1199,面授,12
语文,六年级,1199,面授,12
语文,六年级,1199,面授,12
英语,六年级,1199,面授,12
英语,六年级,1199,面授,12
科学,六年级,1199,面授,12
语文,六年级,1199,面授,12
语文,六年级,1199,面授,12
语文,六年级,1199,面授,12
英语,六年级,1199,面授,12
英语,六年级,1199,面授,12
英语,六年级,1199,面授,12
语文,六年级,1199,面授,12
语文,六年级,1199,面授,12
科学,六年级,1199,面授,12
语文,六年级,1199,面授,12
科学,六年级,1199,面授,12
英语,六年级,1199,面授,12
语文,六年级,1199,面授,12
语文,六年级,1199,面授,12
语文,六年级,1199,面授,12
语文,六年级,1199,面授,12
科学,六年级,1199,面授,12
科学,六年级,1199,面授,12
科学,六年级,1199,面授,12
科学,六年级,1199,面授,12
科学,六年级,1199,面授,12
英语,六年级,1199,面授,12
语文,六年级,1199,面授,12
科学,六年级,1199,面授,12
科学,六年级,1199,面授,12
语文,六年级,1199,面授,12
语文,六年级,1199,面授,12
语文,六年级,1199,面授,12
语文,六年级,1199,面授,12
语文,六年级,1199,面授,12
英语,六年级,1199,面授,12
英语,六年级,1199,面授,12
科学,六年级,1199,面授,12
语文,六年级,1199,面授,12
科学,六年级,1199,面授,12
英语,六年级,1199,面授,12
语文,六年级,1199,面授,12
语文,六年级,1199,面授,12
英语,六年级,1199,面授,12
英语,六年级,1199,面授,12
英语,六年级,1199,面授,12
语文,六年级,1199,面授,12
英语,六年级,1199,面授,12
英语,六年级,1199,面授,12
英语,六年级,1199,面授,12
英语,六年级,1199,面授,12
英语,六年级,1199,面授,12
英语,六年级,1199,面授,12
英语,六年级,1199,面授,12
英语,六年级,1199,面授,12
科学,六年级,1199,面授,12
科学,六年级,1199,面授,12
语文,六年级,1199,面授,12
科学,六年级,1199,面授,12
英语,六年级,1199,面授,12
语文,六年级,1199,面授,12
语文,六年级,1199,面授,12
语文,六年级,1199,面授,12
英语,六年级,1199,面授,12
科学,六年级,1199,面授,12
英语,六年级,1199,面授,12
科学,六年级,1199,面授,12
科学,六年级,1199,面授,12
科学,六年级,1199,面授,12
科学,六年级,1199,面授,12
语文,六年级,1199,面授,12
英语,六年级,1199,面授,12
语文,六年级,1199,面授,12
语文,六年级,1199,面授,12
语文,六年级,1199,面授,12
语文,六年级,1199,面授,12
语文,六年级,1199,面授,12
语文,六年级,1199,面授,12
科学,六年级,1199,面授,12
语文,六年级,1199,面授,12
科学,六年级,1199,面授,12
英语,六年级,1199,面授,12
科学,六年级,1199,面授,12
科学,六年级,1199,面授,12
科学,六年级,1199,面授,12
科学,六年级,1199,面授,12
语文,六年级,1199,面授,12
语文,六年级,1199,面授,12
英语,六年级,1199,面授,12
语文,六年级,1199,面授,12
语文,六年级,1199,面授,12
英语,六年级,1199,面授,12
英语,六年级,1199,面授,12
语文,六年级,1199,面授,12
语文,六年级,1199,面授,12
英语,六年级,1199,面授,12
英语,六年级,1199,面授,12
语文,六年级,1199,面授,12
英语,六年级,1199,面授,12
英语,六年级,1199,面授,12
英语,六年级,1199,面授,12
语文,六年级,1199,面授,12
科学,六年级,1199,面授,12
语文,六年级,1199,面授,12
科学,六年级,1199,面授,12
英语,六年级,1199,面授,12
科学,六年级,1199,面授,12
科学,六年级,1199,面授,12
科学,六年级,1199,面授,12
科学,六年级,1199,面授,12
科学,六年级,1199,面授,12
语文,六年级,1199,面授,12
语文,六年级,1199,面授,12
科学,六年级,1199,面授,12
语文,六年级,1199,面授,12
英语,六年级,1199,面授,12
英语,六年级,1199,面授,12
英语,六年级,1199,面授,12
科学,六年级,1199,面授,12
科学,六年级,1199,面授,12
语文,六年级,1199,面授,12
英语,六年级,2340,面授,12
英语,六年级,2340,面授,12
语文,六年级,1199,面授,12
英语,六年级,1199,面授,12
语文,六年级,1199,面授,12
英语,六年级,1199,面授,12
语文,六年级,1199,面授,12
科学,六年级,1199,面授,12
科学,六年级,1199,面授,12
科学,六年级,1199,面授,12
科学,六年级,1199,面授,12
科学,六年级,1199,面授,12
科学,六年级,1199,面授,12
科学,六年级,1199,面授,12
科学,六年级,1199,面授,12
科学,六年级,1199,面授,12
科学,六年级,1199,面授,12
英语,六年级,1199,面授,12
语文,六年级,1199,面授,12
语文,六年级,1199,面授,12
语文,六年级,1199,面授,12
英语,六年级,1199,面授,12
英语,六年级,1199,面授,12
英语,六年级,1199,面授,12
科学,六年级,1199,面授,12
科学,六年级,1199,面授,12
英语,六年级,1199,面授,12
英语,六年级,1199,面授,12
英语,六年级,1199,面授,12
英语,六年级,1199,面授,12
英语,六年级,1199,面授,12
语文,六年级,1199,面授,12
科学,六年级,1199,面授,12
语文,六年级,1199,面授,12
科学,六年级,1199,面授,12
英语,六年级,1199,面授,12
科学,六年级,1199,面授,12
科学,六年级,1199,面授,12
科学,六年级,1199,面授,12
科学,六年级,1199,面授,12
科学,六年级,1199,面授,12
语文,六年级,1199,面授,12
语文,六年级,1199,面授,12
科学,六年级,1199,面授,12
英语,六年级,1199,面授,12
英语,六年级,1199,面授,12
科学,六年级,1199,面授,12
语文,六年级,1199,面授,12
科学,六年级,1199,面授,12
科学,六年级,1199,面授,12
科学,六年级,1199,面授,12
语文,六年级,1199,面授,12
英语,六年级,1199,面授,12
英语,六年级,1199,面授,12
英语,六年级,1199,面授,12
英语,六年级,1199,面授,12
科学,六年级,1199,面授,12
语文,六年级,1199,面授,12
语文,六年级,1199,面授,12
语文,六年级,1199,面授,12
英语,六年级,2340,面授,12
英语,六年级,2340,面授,12
英语,六年级,2340,面授,12
语文,六年级,1199,面授,12
语文,六年级,1199,面授,12
英语,六年级,1199,面授,12
语文,六年级,1199,面授,12
科学,六年级,1199,面授,12
语文,六年级,1199,面授,12
语文,六年级,1199,面授,12
科学,六年级,1199,面授,12
科学,六年级,1199,面授,12
语文,六年级,1199,面授,12
科学,六年级,1199,面授,12
语文,六年级,1199,面授,12
科学,六年级,1199,面授,12
科学,六年级,1199,面授,12
语文,六年级,1199,面授,12
语文,六年级,1199,面授,12
英语,六年级,1199,面授,12
英语,六年级,1199,面授,12
英语,六年级,1199,面授,12
英语,六年级,1199,面授,12
语文,六年级,1199,面授,12
科学,六年级,1199,面授,12
语文,六年级,1199,面授,12
语文,六年级,1199,面授,12
科学,六年级,1199,面授,12
科学,六年级,1199,面授,12
科学,六年级,1199,面授,12
科学,六年级,1199,面授,12
科学,六年级,1199,面授,12
科学,六年级,1199,面授,12
科学,六年级,1199,面授,12
科学,六年级,1199,面授,12
科学,六年级,1199,面授,12
语文,六年级,1199,面授,12
语文,六年级,1199,面授,12
英语,六年级,1199,面授,12
语文,六年级,1199,面授,12
英语,六年级,1199,面授,12
语文,六年级,1199,面授,12
语文,六年级,1199,面授,12
语文,六年级,1199,面授,12
语文,六年级,1199,面授,12
英语,六年级,1199,面授,12
英语,六年级,1199,面授,12
